Ref,Val,Package,PosX,PosY,Rot,Side
"D1","ESD9B5.0ST5G","D_SOD-323",139.000000,-93.550000,0.000000,top
"D2","LED_Small","LED_0805_2012Metric",128.887500,-117.650000,0.000000,top
"D3","ESD9B5.0ST5G","D_SOD-323",137.950000,-119.200000,0.000000,top
"D4","MBRA340","D_SMA",140.950000,-90.550000,180.000000,top
"F1","Polyfuse","Fuse_1812_4532Metric",130.400000,-105.287500,90.000000,top
"R1","R_Small","R_0805_2012Metric",133.387500,-117.650000,0.000000,top
